{
  "exDict": {
    "AAPL": NaN,
    "MSFT": NaN,
    "AMZN": 28.67429741379311,
    "GOOG": NaN,
    "GOOGL": 15.851081896551722,
    "FB": 2.227797413793104,
    "INTC": NaN,
    "PEP": NaN,
    "CSCO": NaN,
    "NVDA": NaN,
    "ADBE": 4.957293103448276,
    "NFLX": NaN,
    "TSLA": 8.889125,
    "COST": NaN,
    "PYPL": 1.4479272727272727,
    "AMGN": NaN,
    "SNY": NaN,
    "AVGO": NaN,
    "TXN": NaN,
    "CHTR": NaN,
    "SBUX": NaN,
    "QCOM": NaN,
    "GILD": NaN,
    "TMUS": 0.920456896551724,
    "FISV": NaN,
    "BKNG": 12.56065517241379,
    "INTU": NaN,
    "ADP": NaN,
    "CME": NaN,
    "AMD": 0.841301724137931,
    "VRTX": 1.9115603448275862,
    "MU": 0.49629310344827604,
    "CSX": NaN,
    "JD": 0.13209482758620683,
    "AMAT": NaN,
    "BIIB": -2.1162456896551736,
    "EQIX": NaN,
    "ATVI": NaN,
    "EXC": NaN,
    "MAR": NaN,
    "LRCX": NaN,
    "WBA": NaN,
    "ADI": NaN,
    "BIDU": -1.43314224137931,
    "ADSK": 2.4199956896551726,
    "NTES": NaN,
    "ROST": NaN,
    "ILMN": 1.9638232758620688,
    "WDAY": 1.7510431034482754
  }
}
